{"cameraMode":{"drawMode":0,"name":"Shaded","section":"Shading Mode"},"sceneLighting":true,"audioPlay":false,"sceneViewState":{"m_AlwaysRefresh":false,"showFog":true,"showSkybox":true,"showFlares":true,"showImageEffects":true,"showParticleSystems":true,"showVisualEffectGraphs":true,"m_FxEnabled":true},"in2DMode":false,"pivot":{"x":264.5925598144531,"y":-27.523582458496095,"z":-62.6480712890625},"rotation":{"x":-0.0027552838437259199,"y":0.9972505569458008,"z":-0.052713532000780109,"w":-0.05210099369287491},"size":89.34632873535156,"orthographic":false}