{"cameraMode":{"drawMode":0,"name":"Shaded","section":"Shading Mode"},"sceneLighting":false,"audioPlay":false,"sceneViewState":{"m_AlwaysRefresh":false,"showFog":true,"showSkybox":false,"showFlares":true,"showImageEffects":true,"showParticleSystems":true,"showVisualEffectGraphs":true,"m_FxEnabled":true},"in2DMode":false,"pivot":{"x":-0.20474795997142793,"y":5.537812232971191,"z":9.155450820922852},"rotation":{"x":-0.0009506429196335375,"y":0.9740429520606995,"z":-0.22632940113544465,"w":-0.004089361988008022},"size":1.2817888259887696,"orthographic":false}